INSERT INTO users (user_id,username,password_hash,email, first_name,last_name,location,profile_image,role,status)
VALUES
	(1,'JamesSmith','$2b$12$9xK6eJRJS1K/nWQV1GxmuO49OxzWe4B0OISV.xLtIYCQ0Zs9bUq5K','james.smith@example.com','James','Smith','New Zealand',NULL,'visitor','active'),
	(2,'maryjohnson001','$2b$12$tG5PA7GCCXbKYVlUt7R5YeAN7jkzoqD3bJEqGFrH.o2q5Bxn5PQl2','mary.johnson@example.com','Mary','Johnson','New Zealand',NULL,'visitor','active'),
	(3,'robertobrowno','$2b$12$xTa88GFO6Th8018cEkUEWO.stmFd3RqT.XpZKyvh8KUerCbULplTS','robert.brown@example.com','Robert','Brown','New Zealand','user_3.jpg','visitor','active'),
	(4,'patwil123','$2b$12$KHJxvbi8vE9hATmX6SZnJuu3JmQT7eOHkEEiYkGZZb7aDa6vTld8y','patricia.williams@example.com','Patricia','Williams','New Zealand',NULL,'visitor','active'),
	(5,'JJones41','$2b$12$GI2btIsu4GLqrJQveHMJnu5xiE8rjzysKfpvD8LSvgV3QDJ/DbyPG','john.jones@example.com','John','Jones','New Zealand',NULL,'visitor','active'),
	(6,'cherrygarciaJen','$2b$12$gHtJTno0qqUymHLxz8RLzuSFoxQZSANoHfrr1wZvsU/es7xH8.cCK','jennifer.garcia@example.com','Jennifer','Garcia','New Zealand',NULL,'visitor','active'),
	(7,'MicMillerx','$2b$12$9N7O4wUgnLsxoxE/7MmvdemyY4QL2u2OgatRY.iLhXX6Jrl79MBXy','michael.miller@example.com','Michael','Miller','New Zealand',NULL,'visitor','active'),
	(8,'LinDavis','$2b$12$uorhQQVFU22abpMxxpxdSefPydE9DDr0zJI0elMmJ9YZtzPfkwerK','linda.davis@example.com','Linda','Davis','Australia','user_8.jpg','visitor','active'),
	(9,'WillRodPod','$2b$12$IaHYR4jPkWLpBzGRj7zOH.c1DpJWgcOwHmBC36yxs1EStN1.EdanG','william.rodriguez@example.com','William','Rodriguez','Australia',NULL,'visitor','active'),
	(10,'ElizabethMartinez','$2b$12$tpahEcnXsdUYz6hpL0r3DOVGKkk0bRwEwi8dHpIONpmT70823wQ6C','elizabeth.martinez@example.com','Elizabet','Martinez','Australia',NULL,'visitor','active'),
	(11,'HertDavid','$2b$12$H3v6PzSNdfI/OKyBy85VQOxQ6m4JOYJtz4Lv8XbAPV/aFiVNitgSu','david.hernandez@example.com','David','Hernandez','Australia',NULL,'visitor','active'),
	(12,'NotJenLopez','$2b$12$TBcYG1Y3oTBpi6kZNvfI5uHCeoVOFa.GbskS/MC7U12IRMNuICW4G','sarah.lopez@example.com','Sarah','Lopez','Australia',NULL,'visitor','active'),
	(13,'JosephGlez','$2b$12$Kym/OGPhQ..YMa0XBGdboOLanYL69ktSlL6PK5Y1n2pMMc4sb37GS','joseph.gonzale@example.com','Joseph','Gonzale','Brazil',NULL,'visitor','active'),
	(14,'KParezzz','$2b$12$4xHaAvBcXQZjPE1wfixm2.WZ37EVS0UHcT3cYUPdV/9GDp3hSaom2','karen.perez@example.com','Karen','Perez','Brazil',NULL,'visitor','active'),
	(15,'CharlesYoung','$2b$12$sSuH21aWCsZNsRH0.bOarOypa/etV4Qz1otC9/F5b0JZ1ZVcdCiZq','charles.young@example.com','Charles','Young','Hong Kong',NULL,'visitor','active'),
	(16,'SusanAllen','$2b$12$IlLkXZ5TXuZGriZLPIOoNuJEPfT7miyFPOeKfuLOPGlxqonM2b6/6','susan.allen@example.com','Susan','Allen','United Kingdom',NULL,'visitor','active'),
	(17,'ThomasSanChez','$2b$12$AXmFwL1IU/m/2EauFE/Iy.DgOZ2zpuPtBSw/sSc4qg21PzdtY4mAm','thomas.sanchez@example.com','Thomas','Sanchez','Brazil',NULL,'visitor','active'),
	(18,'Nancy24wRight','$2b$12$35zt7CTh8uMhwWszxjqZceV8Q.2CCHAJuE1VmZZHZTC54ESCQRr3W','nancy.wright@example.com','Nancy','Wright','United Kingdom','user_18.jpg','visitor','active'),
	(19,'ChristopherKing','$2b$12$.CTpzwYuWOKe8/MXOyQSk.Tvy551hc8GEZ/BUd2/06nopPgF6FZPy','christopher.king@example.com','Christopher','King','Canada',NULL,'visitor','active'),
	(20,'PatriciaScott','$2b$12$Mlvql2ke6OzB1JIfMErcV.tYp9qMKMNHO5I4LXcRNGOezscfGoNWe','patricia.scott@example.com','Patricia','Scott','Canada',NULL,'visitor','active'),
	(21,'Danieldaygreen','$2b$12$/9pcfjgFHq/p2hfIwmrSpOoOcWbTHMHppyVC9AxWObyCMdQ9wraoa','daniel.green@example.com','Daniel','Green','United Kingdom','user_21.jpg','visitor','active'),
	-- helpers
	(22,'DorothyAdams','$2b$12$BPYlAhiGxzWeobaH.yug2OTmI6rvMhJf/PRLC2J0PSMiNllNq9BPe','dorothy.adams@example.com','Dorothy','Adams','New Zealand',Null,'helper','active'),
	(23,'MarkBaker','$2b$12$2L5fVCaQI.nxij10GOSchOYXAiMPRH2qI6LYscsi8KZSj6IAD31bS','mark.baker@example.com','Mark','Baker','New Zealand',NULL,'helper','active'),
	(24,'JenniferNelson','$2b$12$ctcFe2qiYuGFjE35sOtsx.X072RSCURx6NnU7T/RfD5V./To8g3Ke','jennifer.nelson@example.com','Jennifer','Nelson','New Zealand',NULL,'helper','active'),
	(25,'StevenCarter','$2b$12$P2kCUW04TpGCNf.zm/Ckt.OepQF4kQ2w9OUIJ0t1dTY4.RK9izeBe','steven.carter@example.com','Steven','Carter','Australia',NULL,'helper','active'),
	(26,'hELENmITchell987','$2b$12$JmWzLY1iKfZAlH7T9Cb8dO5029MURnvAzctfo.eUtVZOAQzugcMCC','helen.mitchell@example.com','Helen','Mitchell','New Zealand',NULL,'helper','active'),
-- 	-- admin
	(27,'EdwardPerez','$2b$12$Je8i5Wh92BE067jDGS/bWuzcvins69PeIk2RsMtl0ZJEBei3.UKA.','edward.perez@lcc.com','Edward','Perez','New Zealand',NULL,'admin','active'),
	(28,'LisaRoberts','$2b$12$FMsAJujU4ZUSg0BVGur3aezxd/WJj9zpPD0oBFHk/Jp1HCYAtuUEK','lisa.roberts@lcc.com','Lisa','Roberts','New Zealand','user_28.jpg','admin','active'),
	(29,'briAnwalkErr','$2b$12$NVFGXCtP1/pdG4dp2TnkbeL5FqvsXxdGM/Aqr4IxVCQ0yTjtKQUbG','brian.walker@lcc.com','Brian','Walker','New Zealand','user_29.jpg','admin','active')
	;

INSERT INTO issues (issue_id,user_id, summary, description, created_at, status)
VALUES 
	(1,21,'Broken Campsite Light','Light at campsite #12 is not working','2025-01-19 10:05:00','new'),
	(2,8,'Clogged Restroom Drain','Water not draining in restroom near site B5','2025-01-20 11:10:00','open'),
	(3,18,'Fallen Tree on Trail','Large tree blocking main hiking trail entrance','2025-01-24 13:30:00','stalled'),
	(4,8,'Low Water Pressure','Low water pressure at RV hookup stations','2025-01-26 08:20:00','open'),
	(5,5,'Broken Picnic Table','One of the tables near the lake is damaged','2025-02-06 18:25:00','resolved'),
	(6,3,'No Hot Water in Shower','Hot water not working in campground shower stall closest to entry','2025-02-07 21:30:00','new'),
	(7,26,'Electrical Issue in Cabin','Cabin #7 has no electricity','2025-02-08 22:35:00','open'),
	(8,25,'Possums Sighting Near Campsite','Possums spotted near site C14, needs monitoring','2025-02-10 17:40:00','stalled'),
	(9,14,'Trash Overflow at Site A4','Trash bins at site A4 are full and need emptying','2025-02-12 13:05:00','new'),
	(10,26,'Damaged Fire Pit','Fire pit at site D9 is cracked and unsafe','2025-02-16 12:50:00','resolved'),
	(11,26,'Water Leak Near Restrooms','Water leaking from pipe near restroom block C','2025-02-17 11:50:00','open'),
	(12,21,'Loose Plank on Deck','One of the wooden planks on the deck is loose','2025-02-19 15:35:00','new'),
	(13,20,'Graffiti on Camp Sign','Graffiti found on main entrance sign','2025-02-20 11:05:00','stalled'),
	(14,19,'Loose Tap in Toilet','Middle sink tap in male toilet is loose','2025-02-21 11:05:00','stalled'),
	(15,18,'Charging Station Not Working','Charging station in kitchen not working','2025-02-22 08:15:00','resolved'),
	(16,17,'Parking Lot Potholes','Multiple potholes in the main parking area','2025-02-25 11:20:00','open'),
	(17,8,'Fence Damage Near Entrance','Fence near main entrance is broken','2025-02-26 11:20:00','new'),
	(18,26,'Faulty Campground Gate','Gate at the entrance sometimes doesnt close','2025-02-28 11:30:00','stalled'),
	(19,14,'Playground Equipment Issue','Swings at the playground need repair','2025-03-01 11:40:00','resolved'),
	(20,13,'Kitchen Stove Not Igniting','Kitchen stove is not igniting','2025-03-02 11:35:00','resolved')
	;

INSERT INTO comments (comment_id,issue_id, user_id,context, created_at)
VALUES
(1,1,21,'The light at campsite #12 is still out. Any update?','2025-01-19 12:00:00'),
(2,1,21,'Possible circuit issue if bulb replacement doesn’t work.','2025-01-19 14:30:00'),
(3,4,29,'Have we checked if the pressure issue affects all RV stations or just specific ones?','2025-01-27 10:00:00'),
(4,4,29,'Is this being investigated? Not ideal for RV users.','2025-01-28 11:45:00'),
(5,6,3,'No hot water in multiple stalls now.','2025-02-08 21:45:00'),
(6,6,3,'This has been an issue for hours. Any update?','2025-02-08 22:15:00'),
(7,9,14,'Consider adding signage to remind campers to dispose of trash properly.','2025-02-12 14:15:00'),
(8,16,28,'Contractor is working on it.','2025-02-25 17:30:00'),
(9,8,27,'Pest Control has been contacted, arriving in 2 days.','2025-02-11 08:30:56'),
(10,18,23,'Waiting on replacement gate.','2025-02-28 13:50:03'),
(11,3,29,'Tree needs to be moved, require planned as sawing the tree is required','2025-01-26 18:34:23'),
(12,13,22,'Contractor arriving tomorrow to remove graffiti','2025-02-20 12:35:22'),
(13,14,28,'Further investigation required by a plumber, waiting on confirmation date','2025-02-22 14:45:33'),
(14,2,24,'Small clog removed, might need a chemical declogger.','2025-01-21 12:11:22'),
(15,7,27,'Circuit breaker has been restarted.','2025-02-09 08:14:22'),
(16,11,26,'Need to rejoin pipes with fresh sealant','2025-02-17 12:22:05'),
(17,20,28,'Waiting for sparky to have a look.','2025-03-03 13:45:45'),
(18,20,28,'Sparky has fixed the stove','2025-03-04 18:45:30'),
(19,15,24,'Plug is working, faulty charging cable.','2025-02-23 09:32:09'),
(20,10,27,'Fire pit has been fixed','2025-02-18 16:10:05')
;
